case_number,download remarks
2026-083860-SP-26,Downloaded
2026-064754-SP-21,Downloaded
2026-064755-SP-21,Downloaded
2026-055118-SP-26,Downloaded
2026-055318-SP-26,Downloaded
2026-057489-SP-26,Downloaded
2026-055314-SP-26,Downloaded
2026-057752-SP-25,Downloaded
2026-064483-SP-25,Downloaded
2026-057761-SP-25,Downloaded
2026-055055-SP-25,Downloaded
2026-064763-SP-21,Downloaded
2026-057568-SP-21,Downloaded
2026-083901-SP-25,Downloaded
2026-064769-SP-21,Downloaded
2026-055294-SP-21,Downloaded
2026-085435-SP-25,Downloaded
2026-083904-SP-25,Downloaded
2026-083906-SP-25,Downloaded
2026-085343-SP-25,Downloaded
2026-085173-SP-21,Downloaded
2026-085135-SP-21,Downloaded
2026-085170-SP-21,Downloaded
2026-085712-SP-26,Downloaded
2026-085718-SP-26,Downloaded
2026-085717-SP-26,Downloaded
2026-064533-SP-25,Downloaded
2026-057560-SP-21,Downloaded
2026-057579-SP-21,Downloaded
2026-064749-SP-21,Downloaded
2026-083738-SP-21,Downloaded
2026-057500-SP-26,Downloaded
2026-055471-SP-26,Downloaded
2026-058901-SP-26,Downloaded
2026-064474-SP-26,Downloaded
2026-059682-SP-26,Downloaded
2026-059712-SP-25,Downloaded
2026-055058-SP-25,Downloaded
2026-055011-SP-25,Downloaded
2026-055014-SP-25,Downloaded
2026-064646-SP-25,Downloaded
2026-058549-SP-25,Downloaded
2026-064647-SP-25,Downloaded
2026-054974-SP-25,Downloaded
2026-058551-SP-25,Downloaded
2026-055289-SP-21,Downloaded
2026-085444-SP-25,Downloaded
2026-057572-SP-21,Downloaded
2026-085381-SP-25,Downloaded
2026-085300-SP-25,Downloaded
2026-083910-SP-25,Downloaded
2026-085339-SP-25,Downloaded
2026-085379-SP-25,Downloaded
2026-085128-SP-21,Downloaded
2026-085167-SP-21,Downloaded
2026-083654-SP-21,Downloaded
2026-057495-SP-26,Downloaded
2026-083857-SP-26,Downloaded
2026-083839-SP-26,Downloaded
2026-064644-SP-25,Downloaded
2026-057505-SP-26,Downloaded
2026-057501-SP-26,Downloaded
2026-064499-SP-26,Downloaded
2026-064507-SP-26,Downloaded
2026-057782-SP-25,Downloaded
2026-058567-SP-25,Downloaded
2026-059704-SP-25,Downloaded
2026-058955-SP-21,Downloaded
2026-055351-SP-21,Downloaded
2026-058997-SP-21,Downloaded
2026-085427-SP-25,Downloaded
2026-059640-SP-21,Downloaded
2026-083739-SP-21,Downloaded
2026-083734-SP-21,Downloaded
2026-085131-SP-21,Downloaded
2026-058562-SP-26,Downloaded
2026-057503-SP-26,Downloaded
2026-064484-SP-26,Downloaded
2026-064457-SP-26,Downloaded
2026-064505-SP-25,Downloaded
2026-064785-SP-21,Downloaded
2026-085327-SP-25,Downloaded
2026-059607-SP-26,Downloaded
2026-057511-SP-26,Downloaded
2026-055056-SP-25,Downloaded
2026-054968-SP-25,Downloaded
2026-084076-SP-25,Downloaded
2026-055160-SP-25,Downloaded
2026-059709-SP-25,Downloaded
2026-064491-SP-25,Downloaded
2026-058544-SP-25,Downloaded
2026-064771-SP-21,Downloaded
2026-059046-SP-21,Downloaded
2026-057550-SP-21,Downloaded
2026-070242-SP-21,Downloaded
2026-085164-SP-21,Downloaded
2026-083660-SP-21,Downloaded
2026-085094-SP-21,Downloaded
2026-059592-SP-26,Downloaded
2026-085711-SP-26,Downloaded
2026-083680-SP-26,Downloaded
2026-085704-SP-26,Downloaded
2026-083176-SP-26,Downloaded
2026-055161-SP-25,Downloaded
2026-057564-SP-21,Downloaded
2026-064503-SP-26,Downloaded
2026-058568-SP-25,Downloaded
2026-058528-SP-25,Downloaded
2026-064766-SP-21,Downloaded
2026-064781-SP-21,Downloaded
2026-057545-SP-21,Downloaded
2026-057575-SP-21,Downloaded
2026-059638-SP-21,Downloaded
2026-055311-SP-21,Downloaded
2026-064765-SP-21,Downloaded
2026-085177-SP-21,Downloaded
2026-085158-SP-21,Downloaded
2026-057508-SP-26,Downloaded
2026-058559-SP-26,Downloaded
2026-058589-SP-26,Downloaded
2026-083645-SP-26,Downloaded
2026-085645-SP-26,Downloaded
2026-084354-CC-26,Downloaded
2026-055232-SP-26,Downloaded
2026-064488-SP-26,Downloaded
2026-058566-SP-25,Downloaded
2026-064667-SP-25,Downloaded
2026-064654-SP-25,Downloaded
2026-058564-SP-25,Downloaded
2026-057750-SP-25,Downloaded
2026-064642-SP-25,Downloaded
2026-058937-SP-21,Downloaded
2026-057563-SP-21,Downloaded
2026-057573-SP-21,Downloaded
2026-085120-SP-05,Downloaded
2026-085315-SP-25,Downloaded
2026-085328-SP-25,Downloaded
2026-085125-SP-05,Downloaded
2026-085311-SP-25,Downloaded
2026-085299-SP-25,Downloaded
2026-085693-SP-26,Downloaded
2026-057502-SP-26,Downloaded
2026-058638-SP-26,Downloaded
2026-057492-SP-26,Downloaded
2026-064451-SP-26,Downloaded
2026-083802-SP-26,Downloaded
2026-058867-SP-26,Downloaded
2026-059603-SP-26,Downloaded
2026-058586-SP-26,Downloaded
2026-083655-SP-26,Downloaded
2026-085716-SP-26,Downloaded
2026-083651-SP-26,Downloaded
2026-085563-SP-25,Downloaded
2026-055149-SP-26,Downloaded
2026-058573-SP-25,Downloaded
2026-058520-SP-25,Downloaded
2026-058580-SP-25,Downloaded
2026-057548-SP-21,Downloaded
2026-059048-SP-21,Downloaded
2026-085348-SP-25,Downloaded
2026-059050-SP-21,Downloaded
2026-064762-SP-21,Downloaded
2026-085338-SP-25,Downloaded
2026-085325-SP-25,Downloaded
2026-085301-SP-25,Downloaded
2026-083087-SP-25,Downloaded
2026-083657-SP-21,Downloaded
2026-083736-SP-21,Downloaded
2026-083672-SP-21,Downloaded
2026-085695-SP-26,Downloaded
2026-058881-SP-26,Downloaded
2026-058591-SP-26,Downloaded
2026-055327-SP-26,Downloaded
2026-085690-SP-26,Downloaded
2026-083178-SP-26,Downloaded
2026-083649-SP-26,Downloaded
2026-085705-SP-26,Downloaded
2026-058555-SP-25,Downloaded
2026-058569-SP-25,Downloaded
2026-055329-SP-26,Downloaded
2026-064515-SP-26,Downloaded
2026-064472-SP-26,Downloaded
2026-059706-SP-25,Downloaded
2026-055059-SP-25,Downloaded
2026-058578-SP-25,Downloaded
2026-064759-SP-21,Downloaded
2026-064750-SP-21,Downloaded
2026-064775-SP-21,Downloaded
2026-085425-SP-25,Downloaded
2026-083897-SP-25,Downloaded
2026-085384-SP-25,Downloaded
2026-085084-SP-21,Downloaded
2026-085163-SP-21,Downloaded
2026-083652-SP-21,Downloaded
2025-188490-SP-26,Downloaded
2026-083858-SP-26,Downloaded
2026-085714-SP-26,Downloaded
2026-064430-SP-26,Downloaded
2026-055152-SP-26,Downloaded
2026-059705-SP-25,Downloaded
2026-064516-SP-25,Downloaded
2026-064645-SP-25,Downloaded
2026-058977-SP-21,Downloaded
2026-058547-SP-25,Downloaded
2026-058536-SP-25,Downloaded
2026-054972-SP-25,Downloaded
2026-059637-SP-21,Downloaded
2026-057578-SP-21,Downloaded
2026-085326-SP-25,Downloaded
2026-085304-SP-25,Downloaded
2026-085394-SP-25,Downloaded
2026-085145-SP-21,Downloaded
2026-085156-SP-21,Downloaded
2026-087346-SP-24,Downloaded
2026-087340-SP-24,Downloaded
2025-018061-CA-01,Downloaded
2025-022507-CA-01,Downloaded
2025-002403-CA-01,Downloaded
2026-087338-SP-24,Downloaded
2025-004356-CA-01,Downloaded
2026-087335-SP-24,Downloaded
2026-087332-SP-24,Downloaded
2026-087329-SP-24,Downloaded
2026-087923-SP-05,Downloaded
2026-087910-SP-05,Downloaded
2026-072767-SP-21,Downloaded
2026-072832-SP-21,Downloaded
2025-009605-CA-01,Downloaded
2026-073215-SP-21,Downloaded
2026-085746-SP-05,Downloaded
2026-012893-CA-01,Downloaded
2026-073239-SP-21,Downloaded
2026-072443-SP-21,Downloaded
2026-072524-SP-21,Downloaded
2026-085276-SP-05,Downloaded
2026-013473-CA-01,Downloaded
2026-085745-SP-05,Downloaded
2026-085747-SP-05,Downloaded
2026-072690-SP-21,Downloaded
2026-087241-SP-25,Downloaded
2026-072404-SP-21,Downloaded
2026-003608-CA-01,Downloaded
2026-010883-CA-01,Downloaded
2026-005256-CA-01,Downloaded
2025-016588-CA-01,Downloaded
2026-007015-CA-01,Downloaded
2026-072962-SP-26,Downloaded
2026-076988-SP-26,Downloaded
2026-005496-CA-01,Downloaded
2026-075809-SP-26,Downloaded
2026-076987-SP-26,Downloaded
2025-025488-CA-01,Downloaded
2026-072698-SP-21,Downloaded
2025-013293-CA-01,Downloaded
2026-072639-SP-21,Downloaded
2026-072643-SP-21,Downloaded
2026-072620-SP-21,Downloaded
2026-072615-SP-21,Downloaded
2026-088414-SP-25,Downloaded
2026-087783-SP-25,Downloaded
2026-087781-SP-25,Downloaded
2026-087779-SP-25,Downloaded
2026-013115-CA-01,Downloaded
2026-087777-SP-25,Downloaded
2026-087774-SP-25,Downloaded
2026-087771-SP-25,Downloaded
2026-013107-CA-01,Downloaded
2026-087764-SP-25,Downloaded
2026-087759-SP-25,Downloaded
2026-072765-CC-21,Downloaded
2026-072607-SP-21,Downloaded
2026-087694-SP-25,Downloaded
2026-072565-SP-21,Downloaded
2026-071847-SP-21,Downloaded
2026-071872-SP-21,Downloaded
2026-071920-SP-21,
2026-087755-SP-25,
2026-071750-SP-21,Downloaded
2026-071905-SP-21,Downloaded
2026-071789-SP-21,Downloaded
2026-071776-SP-21,Downloaded
2026-071901-SP-21,Downloaded
2026-087675-SP-25,
2026-087785-SP-25,
2026-087784-SP-25,Downloaded
2026-087797-SP-25,Downloaded
2026-087804-SP-25,Downloaded
2026-087794-SP-25,Downloaded
2026-034878-SP-24,Downloaded
2026-086752-SP-21,Downloaded
2026-086753-SP-21,Downloaded
2026-086422-SP-21,Downloaded
2026-084653-SP-23,Downloaded
2026-071771-SP-21,Downloaded
2026-083925-SP-05,Downloaded
2026-084649-SP-23,Downloaded
2026-088078-SP-23,Downloaded
2026-086450-SP-21,Downloaded
